<?xml version="1.0" encoding="UTF-8"?>
<!DOCTYPE configuration
  PUBLIC "-//mybatis.org//DTD Config 3.0//EN"
  "https://mybatis.org/dtd/mybatis-3-config.dtd">
<configuration>
	<environments default="dev">
		<environment id="dev">
			<transactionManager type="JDBC"/>
				<dataSource type="POOLED">
					<property name="driver" value="oracle.jdbc.driver.OracleDriver"/>
					<property name="url" value="jdbc:oracle:thin:@Localhost:1521:xe"/>
					<property name="username" value="C##GREEDY"/>
					<property name="password" value="GREEDY"/>
				</dataSource>
		</environment>
	</environments>
	<mappers>
		<mapper resource="com/greedy/common/member-mapper.xml"/>
	</mappers>
</configuration>